{
  "S_A_4": 1.0909118796880741,
  "smape_energy_4": 1.0301656798515568,
  "smape_cfp_4": 1.1516580795245912,
  "n_4": 5852,
  "S_A_96": 1.093788121022114,
  "smape_energy_96": 1.0288145091794432,
  "smape_cfp_96": 1.1587617328647852,
  "n_96": 5401,
  "S_A1": 0.0,
  "auroc_a1": 1.0,
  "f1_a1": 1.0,
  "S_A2": 0.028464440792625556,
  "auroc_a2": 0.9995171114461078,
  "f1_a2": 0.9435540069686411,
  "ScoreTA": 0.7689146663674596
}
